field_1,PlotIndex,Longitude,Latitude,StandID
"1","1",-70.953875833333299,44.703014166666698,"108"
"2","2",-70.949849999999998,44.935886111111103,"81"
"3","3",-70.949827777777799,44.935197222222200,"81"
"4","4",-70.951902777777804,44.934330555555498,"81"
"5","5",-70.952994444444400,44.935069444444402,"81"
"6","6",-70.954058333333293,44.935049999999997,"81"
"7","7",-70.954086111111096,44.935808333333298,"81"
"8","8",-70.953019444444493,44.935825000000001,"81"
"9","9",-70.951955555555600,44.935844444444399,"81"
"10","10",-70.953044444444402,44.936583333333303,"81"
"11","11",-70.951980555555593,44.936599999999999,"81"
"12","12",-70.950913888888905,44.936619444444403,"81"
"13","13",-70.946983333333307,44.937313888888902,"81"
"14","14",-70.946961111111094,44.936624999999999,"81"
"15","15",-70.945988888888905,44.936641666666702,"81"
"16","16",-70.946938888888894,44.935936111111097,"81"
"17","17",-70.946913888888901,44.935247222222202,"81"
"18","18",-70.947886111111103,44.935230555555499,"81"
"19","19",-70.947908333333302,44.935919444444401,"81"
"20","20",-70.858247222222204,45.209666666666699,"10"
"21","21",-70.857283333333299,45.209016666666699,"10"
"22","22",-70.856361111111099,45.209697222222204,"10"
"23","23",-70.840658333333295,45.195108333333302,"16"
"24","24",-70.840680555555593,45.195794444444402,"16"
"25","25",-70.841650000000001,45.195777777777799,"16"
"26","26",-70.844137222222201,44.724140277777799,"113"
"27","27",-70.845244444444404,44.724122222222199,"113"
"28","28",-70.847483333333301,44.724874999999997,"113"
"29","29",-70.848591666666707,44.724858333333302,"113"
"30","30",-70.850805555555596,44.724822222222201,"113"
"31","31",-70.851938888888895,44.725594444444397,"113"
"32","32",-70.850830555555504,44.725611111111093,"113"
"33","33",-70.888525000000001,44.759866666666703,"117"
"34","34",-70.887652777777802,44.759880555555497,"117"
"35","205",-70.955113888888903,44.761672222222202,"104"
"36","206",-70.956219444444400,44.761652777777797,"104"
"37","207",-70.956247222222203,44.762441666666703,"104"
"38","208",-70.956272222222196,44.763230555555602,"104"
"39","209",-70.953919444444495,44.746136111111099,"105"
"40","210",-70.954788888888899,44.746727777777799,"105"
"41","211",-70.956508333333304,44.747302777777797,"105"
"42","212",-70.957358333333303,44.747288888888903,"105"
"43","213",-70.959074999999999,44.747863888888901,"105"
"44","214",-70.959924999999998,44.747850000000000,"105"
"45","215",-70.960774999999998,44.747836111111098,"105"
"46","216",-70.960794444444403,44.748441666666707,"105"
"47","217",-70.961644444444403,44.748424999999997,"105"
"48","218",-70.960813888888893,44.749044444444401,"105"
"49","219",-70.920738888888906,44.706930555555601,"110"
"50","220",-70.921683333333306,44.706913888888899,"110"
"51","221",-70.920716666666706,44.706255555555600,"110"
"52","222",-70.824005555555601,44.763033333333297,"121"
"53","223",-70.825166666666703,44.763824999999997,"121"
"54","224",-70.826352777777799,44.765422222222199,"121"
"55","225",-70.827486111111099,44.765405555555603,"121"
"56","226",-70.828622222222194,44.765386111111098,"121"
"57","227",-70.829652777777795,44.735349999999997,"120"
"58","228",-70.830805555555600,44.735333333333301,"120"
"59","229",-70.830830555555593,44.736152777777797,"120"
"60","230",-70.829680555555598,44.736172222222201,"120"
"61","231",-70.828527777777794,44.736188888888897,"120"
"62","232",-70.882921666666704,44.742308055555498,"114"
"63","233",-70.883933333333303,44.742291666666702,"114"
"64","234",-70.884922222222201,44.741552777777798,"114"
"65","235",-70.884969444444494,44.742994444444399,"114"
"66","236",-70.883955555555602,44.743011111111102,"114"
"67","237",-70.883980555555596,44.743733333333303,"114"
"68","238",-70.803577777777804,44.743736111111097,"121"
"69","239",-70.803600000000003,44.744486111111101,"121"
"70","35",-70.887630555555603,44.759258333333293,"117"
"71","36",-70.860783333333302,44.745438888888899,"115"
"72","37",-70.854888888888894,45.029502777777800,"71"
"73","38",-70.856525000000005,45.029474999999998,"71"
"74","39",-70.854927777777803,45.030663888888903,"71"
"75","40",-70.853327777777807,45.031849999999999,"71"
"76","41",-70.853288888888898,45.030688888888903,"71"
"77","42",-70.815977777777803,45.030988888888899,"66"
"78","43",-70.817266666666697,45.030033333333307,"66"
"79","44",-70.817236111111100,45.029097222222198,"66"
"80","45",-70.815888888888907,45.028183333333303,"66"
"81","46",-70.814541666666699,45.027269444444400,"66"
"82","47",-70.810555555555595,45.026397222222201,"66"
"83","48",-70.813191666666697,45.026355555555497,"66"
"84","49",-70.814511111111102,45.026336111111092,"66"
"85","50",-70.815830555555607,45.026313888888907,"66"
"86","51",-70.799277777777803,45.033799444444398,"64"
"87","52",-70.799311111111095,45.037638888888893,"64"
"88","53",-70.799344444444401,45.038702777777800,"64"
"89","54",-70.801675000000003,45.027702777777797,"65"
"90","55",-70.800661111111097,45.028455555555603,"65"
"91","56",-70.801699999999997,45.028438888888893,"65"
"92","57",-70.802736111111102,45.028422222222197,"65"
"93","58",-70.787080555555505,45.047841666666699,"62"
"94","59",-70.788247222222196,45.047822222222202,"62"
"95","60",-70.757355555555506,45.028750000000002,"61"
"96","61",-70.758324999999999,45.029408333333301,"61"
"97","62",-70.758347222222199,45.030080555555600,"61"
"98","63",-70.757377777777805,45.029422222222202,"61"
"99","64",-70.756430555555596,45.029436111111103,"61"
"100","65",-70.912627777777800,45.060255555555493,"45"
"101","66",-70.911569444444496,45.060272222222203,"45"
"102","67",-70.909427777777793,45.059558333333293,"45"
"103","68",-70.909402777777800,45.058808333333303,"45"
"104","69",-70.908369444444403,45.059575000000002,"45"
"105","70",-70.895027777777798,45.061300000000003,"46"
"106","71",-70.892713888888906,45.061336111111103,"46"
"107","72",-70.890400000000000,45.061374999999998,"46"
"108","73",-70.890347222222204,45.059736111111093,"46"
"109","74",-70.887980555555600,45.058133333333302,"46"
"110","75",-70.883936111111097,45.046475000000001,"55"
"111","76",-70.885038888888900,45.046458333333298,"55"
"112","77",-70.886138888888894,45.046438888888900,"55"
"113","78",-70.865980555555595,45.030900000000003,"72"
"114","79",-70.865952777777807,45.030088888888898,"72"
"115","80",-70.867069444444397,45.029258333333303,"72"
"116","81",-70.868186111111100,45.028430555555602,"72"
"117","82",-70.911016666666697,44.821316666666696,"98"
"118","83",-70.909988888888904,44.820619444444503,"98"
"119","84",-70.908983333333296,44.820636111111099,"98"
"120","85",-70.907955555555603,44.819938888888899,"98"
"121","86",-70.908961111111097,44.819922222222203,"98"
"122","87",-70.909963888888896,44.819905555555600,"98"
"123","88",-70.902888888888896,44.818038888888893,"99"
"124","89",-70.902930555555599,44.819347222222198,"99"
"125","90",-70.901052777777807,44.818069444444397,"99"
"126","91",-70.899216666666703,44.818100000000001,"99"
"127","92",-70.899172222222205,44.816794444444398,"99"
"128","93",-70.896483333333293,44.817599999999999,"99"
"129","94",-70.897577777777798,44.816783333333298,"99"
"130","95",-70.898672222222203,44.815966666666696,"99"
"131","96",-70.929363888888901,44.798702777777798,"100"
"132","97",-70.928413888888898,44.798055555555599,"100"
"133","98",-70.928391666666698,44.797394444444400,"100"
"134","99",-70.923719444444401,44.797680555555601,"100"
"135","100",-70.924836111111105,44.797661111111097,"100"
"136","101",-70.925952777777795,44.797641666666699,"100"
"137","102",-70.840636111111095,45.139897222222203,"28"
"138","103",-70.842847222222204,45.139861111111102,"28"
"139","104",-70.843950000000007,45.139844444444400,"28"
"140","105",-70.842872222222198,45.140644444444398,"28"
"141","106",-70.841766666666700,45.140661111111100,"28"
"142","107",-70.841791666666694,45.141444444444502,"28"
"143","108",-70.840688888888906,45.141461111111099,"28"
"144","109",-70.839583333333294,45.141477777777801,"28"
"145","110",-70.839608333333302,45.142261111111097,"28"
"146","111",-70.833377777777798,45.132452777777800,"29"
"147","112",-70.832261111111094,45.132469444444503,"29"
"148","113",-70.831116666666702,45.131697222222201,"29"
"149","114",-70.831141666666696,45.132488888888901,"29"
"150","115",-70.832286111111102,45.133261111111104,"29"
"151","116",-70.917830555555597,45.079377777777800,"40"
"152","117",-70.917800000000000,45.078444444444507,"40"
"153","118",-70.920433333333307,45.078402777777796,"40"
"154","119",-70.920400000000001,45.077469444444503,"40"
"155","120",-70.921716666666697,45.077447222222197,"40"
"156","121",-70.921747222222194,45.078380555555597,"40"
"157","122",-70.923063888888905,45.078358333333298,"40"
"158","123",-70.921777777777805,45.079311111111103,"40"
"159","124",-70.920463888888904,45.079333333333302,"40"
"160","125",-70.919147222222193,45.079355555555601,"40"
"161","126",-70.921844444444403,45.072466666666699,"41"
"162","127",-70.920566666666701,45.073416666666702,"41"
"163","128",-70.919255555555594,45.073438888888901,"41"
"164","129",-70.919286111111106,45.074366666666698,"41"
"165","130",-70.920597222222199,45.074344444444399,"41"
"166","131",-70.889766666666702,44.789566666666701,"123"
"167","132",-70.888727777777802,44.789586111111099,"123"
"168","133",-70.887688888888903,44.789602777777802,"123"
"169","134",-70.887713888888896,44.790341666666698,"123"
"170","135",-70.887738888888904,44.791080555555602,"123"
"171","136",-70.888777777777804,44.791063888888893,"123"
"172","137",-70.888752777777796,44.790325000000003,"123"
"173","138",-70.889791666666696,44.790308333333307,"123"
"174","139",-70.889816666666704,44.791047222222197,"123"
"175","140",-70.883247222222195,44.790583333333302,"124"
"176","141",-70.883272222222203,44.791366666666697,"124"
"177","142",-70.882172222222195,44.791386111111102,"124"
"178","143",-70.939713888888903,44.710605555555603,"109"
"179","144",-70.939672222222200,44.709366666666703,"109"
"180","145",-70.937933333333305,44.709397222222201,"109"
"181","146",-70.937891666666701,44.708158333333301,"109"
"182","147",-70.937852777777806,44.706919444444402,"109"
"183","148",-70.937811111111102,44.705680555555602,"109"
"184","149",-70.937769444444399,44.704441666666703,"109"
"185","150",-70.936072222222194,44.705711111111093,"109"
"186","151",-70.936113888888897,44.706947222222198,"109"
"187","152",-70.866183333333296,44.703313888888893,"112"
"188","153",-70.866155555555594,44.702458333333297,"112"
"189","154",-70.864952777777802,44.702477777777801,"112"
"190","155",-70.864924999999999,44.701619444444397,"112"
"191","156",-70.866127777777805,44.701599999999999,"112"
"192","157",-70.866100000000003,44.700744444444503,"112"
"193","158",-70.864872222222203,44.699908333333298,"112"
"194","159",-70.862552777777793,44.702516666666703,"112"
"195","160",-70.861350000000002,44.702536111111101,"112"
"196","161",-70.862580555555596,44.703372222222200,"112"
"197","162",-70.879374999999996,45.111491666666701,"35"
"198","163",-70.879352777777797,45.110852777777801,"35"
"199","164",-70.880258333333302,45.110838888888892,"35"
"200","165",-70.881141666666693,45.110183333333303,"35"
"201","166",-70.881161111111098,45.110822222222197,"35"
"202","167",-70.881183333333297,45.111463888888899,"35"
"203","168",-70.883361111111100,45.110288888888903,"35"
"204","169",-70.883386111111093,45.111069444444503,"35"
"205","170",-70.883411111111101,45.111849999999997,"35"
"206","171",-70.884938888888897,45.114386111111102,"34"
"207","172",-70.886022222222195,45.114366666666697,"34"
"208","173",-70.887105555555607,45.114350000000002,"34"
"209","174",-70.886047222222203,45.115133333333297,"34"
"210","175",-70.884963888888905,45.115152777777801,"34"
"211","176",-70.884988888888898,45.115919444444401,"34"
"212","177",-70.831166666666704,45.026858333333301,"69"
"213","178",-70.831199999999995,45.027905555555598,"69"
"214","179",-70.832674999999995,45.027880555555598,"69"
"215","180",-70.835519444444401,45.024700000000003,"69"
"216","181",-70.834047222222196,45.024722222222202,"69"
"217","182",-70.834013888888904,45.023677777777799,"69"
"218","183",-70.832541666666700,45.023702777777800,"69"
"219","184",-70.831100000000006,45.024769444444402,"69"
"220","185",-70.831133333333298,45.025813888888898,"69"
"221","186",-70.778191666666700,44.835180555555603,"134"
"222","187",-70.779202777777797,44.835163888888893,"134"
"223","188",-70.780236111111094,44.835866666666703,"134"
"224","189",-70.777969444444395,44.828519444444503,"133"
"225","190",-70.777947222222195,44.827855555555601,"133"
"226","191",-70.777016666666697,44.827869444444502,"133"
"227","192",-70.776083333333304,44.827883333333297,"133"
"228","193",-70.775130555555506,44.827236111111098,"133"
"229","194",-70.776063888888899,44.827219444444502,"133"
"230","195",-70.776041666666700,44.826558333333303,"133"
"231","196",-70.776994444444398,44.827205555555601,"133"
"232","197",-70.814166666666694,44.776602777777804,"127"
"233","198",-70.815513888888901,44.775597222222203,"127"
"234","199",-70.816863888888903,44.774594444444503,"127"
"235","200",-70.816894444444401,44.775575000000003,"127"
"236","201",-70.815544444444399,44.776580555555498,"127"
"237","202",-70.811216666666695,44.784611111111097,"129"
"238","203",-70.812399999999997,44.785416666666698,"129"
"239","204",-70.813558333333305,44.785400000000003,"129"
"240","240",-70.803624999999997,44.745238888888899,"121"
"241","241",-70.804677777777798,44.745222222222203,"121"
"242","242",-70.805733333333293,44.745205555555600,"121"
"243","243",-70.805758333333301,44.745958333333299,"121"
"244","244",-70.804702777777806,44.745975000000001,"121"
"245","245",-70.803647222222196,44.745991666666697,"121"
"246","246",-70.893383333333304,45.159461111111099,"24"
"247","247",-70.894488888888901,45.160936111111099,"24"
"248","248",-70.895616666666697,45.163158333333293,"23"
"249","249",-70.896722222222195,45.164633333333299,"23"
"250","250",-70.897752777777796,45.163869444444401,"23"
"251","251",-70.896697222222201,45.163888888888899,"23"
"252","252",-70.896672222222193,45.163141666666696,"23"
"253","253",-70.895541666666702,45.160919444444502,"24"
"254","254",-70.894463888888893,45.160191666666698,"24"
"255","255",-70.708733333333299,45.071380555555599,"136"
"256","256",-70.708797222222202,45.073516666666698,"136"
"257","257",-70.711813888888898,45.073472222222200,"136"
"258","258",-70.711749999999995,45.071336111111101,"136"
"259","259",-70.717777777777798,45.071244444444503,"136"
"260","260",-70.720794444444493,45.071199999999997,"136"
"261","261",-70.705391666666699,45.067522222222202,"135"
"262","262",-70.706549999999993,45.067505555555599,"135"
"263","263",-70.706524999999999,45.066686111111103,"135"
"264","264",-70.706502777777800,45.065863888888899,"135"
"265","265",-70.707661111111094,45.065847222222203,"135"
"266","266",-70.707683333333307,45.066669444444493,"135"
"267","267",-70.707708333333301,45.067488888888903,"135"
"268","268",-70.731866666666704,45.045083333333302,"59"
"269","269",-70.976886111111099,44.781261111111093,"103"
"270","270",-70.976919444444405,44.782252777777799,"103"
"271","271",-70.976952777777797,44.783241666666697,"103"
"272","272",-70.976530555555598,44.783652777777803,"103"
"273","273",-70.977627777777798,44.784397222222204,"103"
"274","274",-70.976555555555606,44.784416666666701,"103"
"275","275",-70.975486111111096,44.784436111111098,"103"
"276","276",-70.975458333333293,44.783672222222201,"103"
"277","277",-70.974388888888896,44.783691666666698,"103"
"278","278",-70.975433333333299,44.782911111111098,"103"
"279","279",-70.974363888888902,44.782927777777800,"103"
"280","280",-70.974336111111100,44.782166666666697,"103"
"281","281",-70.974069444444496,44.780319444444402,"103"
"282","282",-70.939636111111099,44.768433333333299,"116"
"283","283",-70.939661111111107,44.769191666666693,"116"
"284","284",-70.938599999999994,44.769208333333303,"116"
"285","285",-70.937538888888895,44.769227777777800,"116"
"286","286",-70.936861111111099,44.782108333333298,"101"
"287","287",-70.973897222222206,44.865327777777800,"90"
"288","288",-70.972894444444407,44.865347222222198,"90"
"289","289",-70.971894444444402,44.865363888888901,"90"
"290","290",-70.970891666666702,44.865380555555497,"90"
"291","291",-70.953074999999998,44.873580555555598,"89"
"292","292",-70.954297222222195,44.874408333333299,"89"
"293","293",-70.954324999999997,44.875258333333299,"89"
"294","294",-70.955550000000002,44.876086111111093,"89"
"295","295",-70.954355555555594,44.876108333333299,"89"
"296","296",-70.926066666666699,44.897144444444400,"87"
"297","297",-70.952951111111105,44.703029999999998,"108"
"298","298",-70.962350000000001,44.848236111111099,"91"
"299","299",-70.961188888888898,44.848255555555603,"91"
"300","300",-70.960025000000002,44.848277777777803,"91"
"301","301",-70.958863888888899,44.848297222222200,"91"
"302","302",-70.957702777777797,44.848316666666697,"91"
"303","303",-70.958891666666702,44.849122222222199,"91"
"304","304",-70.958919444444405,44.849950000000000,"91"
"305","305",-70.960083333333301,44.849930555555602,"91"
"306","306",-70.960055555555599,44.849102777777802,"91"
"307","307",-70.961216666666701,44.849083333333297,"91"
"308","308",-70.945561111111104,44.826000000000001,"97"
"309","309",-70.944244444444493,44.825108333333297,"97"
"310","310",-70.942930555555606,44.824216666666707,"97"
"311","311",-70.921875000000000,45.073394444444503,"41"
"312","312",-70.854127777777805,44.800511111111099,"126"
"313","313",-70.854097222222194,44.799608333333303,"126"
"314","314",-70.854069444444406,44.798702777777798,"126"
"315","315",-70.855311111111106,44.797777777777803,"126"
"316","316",-70.855280555555595,44.796875000000000,"126"
"317","317",-70.856549999999999,44.796852777777801,"126"
"318","318",-70.856608333333298,44.798661111111102,"126"
"319","319",-70.855338888888895,44.798683333333301,"126"
"320","320",-70.855366666666697,44.799586111111097,"126"
"321","321",-70.883188888888895,44.777719444444401,"122"
"322","322",-70.884097222222195,44.777705555555599,"122"
"323","323",-70.885894444444403,44.777027777777803,"122"
"324","324",-70.886825000000002,44.777658333333299,"122"
"325","325",-70.941450000000003,44.710574999999999,"109"
"326","326",-70.942988888888905,44.710063888888897,"109"
"327","327",-70.943852777777806,44.710050000000003,"109"
"328","328",-70.944741666666701,44.710652777777803,"109"
"329","329",-70.943875000000006,44.710669444444399,"109"
"330","330",-70.943008333333296,44.710683333333307,"109"
"331","331",-70.945586111111098,44.710019444444399,"109"
"332","332",-70.945566666666707,44.709402777777797,"109"
"333","333",-70.946452777777793,44.710005555555597,"109"
"334","334",-70.873086111111107,44.701286111111102,"111"
"335","335",-70.873108333333306,44.701991666666707,"111"
"336","336",-70.874099999999999,44.701977777777799,"111"
"337","337",-70.874077777777799,44.701269444444399,"111"
"338","338",-70.875069444444406,44.701252777777803,"111"
"339","339",-70.875047222222193,44.700544444444503,"111"
"340","340",-70.875024999999994,44.699836111111097,"111"
"341","341",-70.874033333333301,44.699852777777799,"111"
"342","359",-70.832208333333298,45.037322222222201,"70"
"343","360",-70.835436111111093,45.037269444444398,"70"
"344","361",-70.838663888888902,45.037216666666701,"70"
"345","362",-70.838591666666701,45.034927777777803,"70"
"346","363",-70.838516666666706,45.032638888888897,"70"
"347","364",-70.835216666666696,45.030402777777802,"70"
"348","365",-70.835288888888897,45.032691666666707,"70"
"349","366",-70.835363888888907,45.034980555555599,"70"
"350","367",-70.832136111111097,45.035033333333303,"70"
"351","368",-70.806100000000001,44.799802777777799,"131"
"352","369",-70.805191666666701,44.799816666666707,"131"
"353","370",-70.799305555555506,44.785713888888893,"128"
"354","371",-70.799280555555598,44.784955555555598,"128"
"355","372",-70.798213888888895,44.784972222222201,"128"
"356","373",-70.796036111111107,44.783486111111102,"128"
"357","374",-70.797102777777795,44.783469444444400,"128"
"358","375",-70.824163888888904,44.794269444444502,"130"
"359","376",-70.822069444444395,44.794302777777801,"130"
"360","377",-70.822022222222202,44.792811111111099,"130"
"361","378",-70.814827777777793,44.803405555555493,"132"
"362","379",-70.816952777777800,44.802605555555601,"132"
"363","380",-70.818002777777807,44.801822222222199,"132"
"364","381",-70.865866666666705,44.788472222222197,"125"
"365","382",-70.866897222222207,44.788455555555601,"125"
"366","383",-70.867949999999993,44.789172222222199,"125"
"367","384",-70.868980555555595,44.789155555555602,"125"
"368","385",-70.869005555555503,44.789891666666698,"125"
"369","386",-70.861013888888905,44.753450000000001,"118"
"370","387",-70.856863888888896,44.754511111111093,"118"
"371","388",-70.858288888888893,44.755483333333302,"118"
"372","389",-70.858258333333296,44.754488888888901,"118"
"373","390",-70.859652777777796,44.754466666666701,"118"
"374","391",-70.854877777777801,44.737236111111102,"115"
"375","392",-70.856250000000003,44.738172222222197,"115"
"376","410",-70.828580555555504,44.737830555555497,"120"
"377","411",-70.830908333333298,44.738613888888899,"120"
"378","412",-70.830883333333304,44.737794444444397,"120"
"379","413",-70.830855555555601,44.736972222222199,"120"
"380","414",-70.879566666666705,45.118255555555599,"33"
"381","415",-70.879588888888904,45.118949999999998,"33"
"382","416",-70.880544444444396,45.118238888888897,"33"
"383","417",-70.881524999999996,45.118225000000002,"33"
"384","418",-70.880522222222197,45.117547222222200,"33"
"385","419",-70.881255555555597,45.112924999999997,"35"
"386","420",-70.880352777777802,45.112938888888898,"35"
"387","421",-70.878522222222202,45.112330555555602,"35"
"388","422",-70.709961111111099,45.029927777777800,"60"
"389","423",-70.710936111111096,45.030591666666702,"60"
"390","424",-70.709980555555603,45.030605555555603,"60"
"391","425",-70.709999999999994,45.031280555555497,"60"
"392","426",-70.709066666666700,45.031972222222201,"60"
"393","444",-70.958144444444400,44.777766666666707,"102"
"394","445",-70.956988888888901,44.777786111111098,"102"
"395","446",-70.958116666666697,44.776941666666701,"102"
"396","447",-70.959244444444494,44.776100000000000,"102"
"397","448",-70.960400000000007,44.776077777777800,"102"
"398","449",-70.940749999999994,44.769927777777802,"116"
"399","450",-70.941811111111093,44.769911111111099,"116"
"400","451",-70.941786111111099,44.769155555555599,"116"
"401","452",-70.933822222222204,44.783627777777802,"101"
"402","453",-70.935855555555605,44.782861111111103,"101"
"403","454",-70.965838888888896,44.875905555555498,"88"
"404","455",-70.965891666666707,44.877474999999997,"88"
"405","456",-70.968155555555597,44.879008333333303,"88"
"406","457",-70.970419444444403,44.880541666666701,"88"
"407","458",-70.970363888888897,44.878969444444401,"88"
"408","459",-70.972519444444401,44.877361111111099,"88"
"409","460",-70.925075000000007,44.898644444444400,"87"
"410","478",-70.898868333333297,45.191901111111108,"17"
"411","479",-70.904199166666700,45.180419166666702,"19"
"412","480",-70.905231388888893,45.180401944444398,"19"
"413","481",-70.906263611111100,45.180384444444400,"19"
"414","482",-70.907295833333293,45.180367222222202,"19"
"415","483",-70.907320277777799,45.181097500000000,"19"
"416","484",-70.905739166666706,45.181750555555602,"19"
"417","485",-70.905764444444401,45.182507500000000,"19"
"418","486",-70.892245000000003,45.189558888888897,"18"
"419","487",-70.890362777777796,45.189590000000003,"18"
"420","488",-70.827051944444406,45.226530277777798,"2"
"421","489",-70.827995555555503,45.225832500000003,"2"
"422","490",-70.827973611111105,45.225149999999999,"2"
"423","491",-70.828917500000003,45.224452222222197,"2"
"424","492",-70.829839166666702,45.223072222222200,"2"
"425","493",-70.830782777777799,45.222374166666697,"2"
"426","494",-70.851307222222204,45.228985833333297,"4"
"427","495",-70.851260277777797,45.227542222222198,"4"
"428","496",-70.851213333333305,45.226098611111098,"4"
"429","497",-70.851190000000003,45.225376944444399,"4"
"430","498",-70.851166666666700,45.224655277777799,"4"
"431","499",-70.851143055555596,45.223933333333299,"4"
"432","500",-70.760422222222203,45.083958333333293,"52"
"433","501",-70.762463888888902,45.083927777777802,"52"
"434","502",-70.764508333333296,45.083894444444397,"52"
"435","503",-70.767669444444394,45.085319444444401,"52"
"436","504",-70.766297222222207,45.086336111111102,"52"
"437","505",-70.764922222222197,45.087352777777802,"52"
"438","506",-70.764891666666699,45.086355555555599,"52"
"439","507",-70.764552777777794,45.085341666666707,"52"
"440","508",-70.762508333333301,45.085374999999999,"52"
"441","509",-70.760466666666701,45.085405555555603,"52"
"442","510",-70.763638888888906,45.091352777777800,"54"
"443","511",-70.762205555555596,45.090380555555598,"54"
"444","529",-70.906686111111100,44.827744444444399,"95"
"445","530",-70.906719444444406,44.828766666666702,"95"
"446","531",-70.905283333333301,44.828788888888901,"95"
"447","532",-70.846333333333305,45.177886111111093,"21"
"448","533",-70.846358333333299,45.178619444444401,"21"
"449","534",-70.846405555555506,45.180086111111102,"21"
"450","535",-70.847419444444398,45.179336111111098,"21"
"451","536",-70.848433333333304,45.178586111111102,"21"
"452","537",-70.847394444444404,45.178602777777797,"21"
"453","538",-70.847372222222205,45.177869444444397,"21"
"454","539",-70.846625000000003,45.175163888888903,"22"
"455","540",-70.847761111111097,45.175144444444399,"22"
"456","541",-70.848897222222206,45.175127777777803,"22"
"457","542",-70.848872222222198,45.174322222222202,"22"
"458","543",-70.849983333333299,45.173499999999997,"22"
"459","544",-70.828215833333303,45.181458055555602,"20"
"460","545",-70.829544444444394,45.181436111111097,"20"
"461","342",-70.874055555555501,44.700561111111099,"111"
"462","343",-70.914494444444401,45.113208333333297,"36"
"463","344",-70.915466666666703,45.113191666666701,"36"
"464","345",-70.916416666666706,45.112486111111103,"36"
"465","346",-70.915444444444404,45.112502777777799,"36"
"466","347",-70.915419444444495,45.111813888888904,"36"
"467","348",-70.915397222222197,45.111125000000001,"36"
"468","349",-70.912616666666693,45.086866666666701,"39"
"469","350",-70.912588888888905,45.086091666666697,"39"
"470","351",-70.912563888888897,45.085313888888898,"39"
"471","352",-70.837438888888897,45.101711111111101,"37"
"472","353",-70.835463888888896,45.101741666666697,"37"
"473","354",-70.833447222222205,45.100375000000000,"37"
"474","355",-70.835419444444398,45.100344444444502,"37"
"475","356",-70.835374999999999,45.098947222222201,"37"
"476","357",-70.837350000000001,45.098913888888902,"37"
"477","358",-70.837394444444399,45.100311111111097,"37"
"478","393",-70.856280555555500,44.739127777777803,"115"
"479","394",-70.857652777777801,44.740061111111103,"115"
"480","395",-70.857683333333298,44.741016666666702,"115"
"481","396",-70.868150000000000,44.734838888888902,"114"
"482","397",-70.870391666666706,44.734800000000000,"114"
"483","398",-70.870416666666699,44.735599999999998,"114"
"484","399",-70.871847222222200,44.727272222222197,"114"
"485","400",-70.871930555555593,44.729894444444398,"114"
"486","401",-70.870005555555593,44.727302777777801,"114"
"487","402",-70.871802777777802,44.725961111111097,"114"
"488","403",-70.873644444444395,44.725930555555600,"114"
"489","404",-70.842330555555506,44.735233333333298,"119"
"490","405",-70.842355555555599,44.735950000000003,"119"
"491","406",-70.841327777777806,44.735250000000001,"119"
"492","407",-70.845366666666706,44.735902777777802,"119"
"493","408",-70.844408333333305,44.737349999999999,"119"
"494","409",-70.844363888888907,44.735916666666697,"119"
"495","427",-70.708111111111094,45.031986111111102,"60"
"496","428",-70.708091666666704,45.031311111111101,"60"
"497","429",-70.707136111111097,45.031325000000002,"60"
"498","430",-70.741961111111095,45.050905555555602,"58"
"499","431",-70.743594444444398,45.050880555555601,"58"
"500","432",-70.743630555555598,45.052038888888902,"58"
"501","433",-70.745300000000000,45.053172222222202,"58"
"502","434",-70.726522222222201,45.046436111111099,"59"
"503","435",-70.724727777777801,45.046463888888901,"59"
"504","436",-70.724766666666696,45.047733333333298,"59"
"505","437",-70.726561111111096,45.047708333333297,"59"
"506","438",-70.730149999999995,45.047652777777799,"59"
"507","439",-70.730072222222205,45.045108333333303,"59"
"508","440",-70.961641666666694,44.778530555555598,"102"
"509","441",-70.961613888888905,44.777705555555599,"102"
"510","442",-70.960427777777795,44.776902777777799,"102"
"511","443",-70.959272222222197,44.776922222222197,"102"
"512","461",-70.837667777777796,45.017052222222198,"68"
"513","462",-70.839194166666701,45.017027777777798,"68"
"514","463",-70.839159444444405,45.018723055555498,"68"
"515","464",-70.840685833333296,45.018698333333298,"68"
"516","465",-70.934683055555595,44.700393055555601,"109"
"517","466",-70.935945000000004,44.701251388888899,"109"
"518","467",-70.937207222222199,44.702109444444503,"109"
"519","468",-70.955703611111105,44.702322777777802,"108"
"520","469",-70.930203888888897,45.183123055555498,"139"
"521","470",-70.931343611111103,45.183103888888901,"139"
"522","471",-70.930176666666696,45.182316944444402,"139"
"523","472",-70.929036666666704,45.182336388888899,"139"
"524","473",-70.930149166666695,45.181510833333299,"139"
"525","474",-70.907929722222207,45.183228333333297,"19"
"526","475",-70.906834444444499,45.182489444444400,"19"
"527","476",-70.905294999999995,45.191794166666703,"17"
"528","477",-70.902081666666703,45.191847777777802,"17"
"529","512",-70.762174999999999,45.089386111111097,"54"
"530","513",-70.760738888888895,45.088411111111093,"54"
"531","514",-70.760555555555598,45.088299999999997,"54"
"532","515",-70.762552777777799,45.086822222222203,"52"
"533","516",-70.760511111111100,45.086852777777800,"52"
"534","517",-70.760769444444406,45.089405555555601,"54"
"535","518",-70.924877777777795,44.830619444444402,"96"
"536","519",-70.923833333333306,44.831397222222201,"96"
"537","520",-70.924902777777802,44.831380555555597,"96"
"538","521",-70.924927777777796,44.832138888888899,"96"
"539","522",-70.925997222222193,44.832122222222203,"96"
"540","523",-70.905319444444402,44.829811111111098,"95"
"541","524",-70.906752777777797,44.829786111111098,"95"
"542","525",-70.903883333333297,44.829836111111099,"95"
"543","526",-70.903850000000006,44.828813888888902,"95"
"544","527",-70.903816666666700,44.827791666666698,"95"
"545","528",-70.905249999999995,44.827769444444399,"95"
"546","546",-70.830875000000006,45.181416666666699,"20"
"547","547",-70.832202777777795,45.181394444444400,"20"
"548","548",-70.827970555555595,45.016940833333301,"67"
"549","549",-70.826227777777802,45.017191666666697,"67"
"550","550",-70.827050000000000,45.015955555555600,"67"
"551","551",-70.828752777777794,45.015316666666699,"67"
"552","552",-70.827280555555504,45.019069444444398,"67"
"553","553",-70.827308333333306,45.019897222222198,"67"
"554","554",-70.827361111111102,45.021558333333303,"67"
"555","555",-70.826138888888906,45.019916666666703,"67"
"556","556",-70.828427777777804,45.030347222222197,"69"
"557","557",-70.829269444444407,45.029722222222198,"69"
"558","558",-70.829250000000002,45.029113888888901,"69"
"559","559",-70.825148888888904,45.083432500000001,"44"
"560","560",-70.823180555555595,45.084891666666699,"44"
"561","561",-70.823224999999994,45.086319444444399,"44"
"562","562",-70.825238888888904,45.086286111111107,"44"
"563","563",-70.825194444444406,45.084858333333301,"44"
"564","564",-70.835636111111100,45.079083333333301,"43"
"565","565",-70.835613888888901,45.078386111111101,"43"
"566","566",-70.836574999999996,45.077672222222198,"43"
"567","567",-70.835569444444403,45.076988888888899,"43"
"568","568",-70.836552777777797,45.076974999999997,"43"
"569","569",-70.837538888888901,45.076958333333302,"43"
"570","570",-70.837561111111100,45.077655555555602,"43"
"571","571",-70.838547222222203,45.077641666666707,"43"
"572","572",-70.853272222222202,45.060211111111101,"49"
"573","573",-70.852144444444406,45.060230555555599,"49"
"574","574",-70.851016666666695,45.060247222222202,"49"
"575","575",-70.946752777777803,44.963933333333301,"80"
"576","576",-70.946730555555604,44.963266666666698,"80"
"577","577",-70.946708333333305,44.962594444444399,"80"
"578","578",-70.945788888888899,44.963280555555599,"80"
"579","579",-70.947811111111093,44.969558333333303,"79"
"580","597",-70.903086111111094,45.020200000000003,"76"
"581","598",-70.903125000000003,45.021363888888899,"76"
"582","599",-70.899336111111097,45.019886111111099,"76"
"583","600",-70.899246111111097,45.016904444444400,"76"
"584","601",-70.901327777777794,45.016733333333299,"76"
"585","602",-70.907894444444494,45.016624999999998,"76"
"586","603",-70.904650000000004,45.017844444444400,"76"
"587","604",-70.903008333333304,45.017872222222202,"76"
"588","605",-70.901366666666704,45.016787500000000,"76"
"589","606",-70.895522222222198,45.019950000000001,"76"
"590","607",-70.857305555555598,45.209683333333302,"10"
"591","608",-70.674225277777794,45.085526666666702,"56"
"592","609",-70.837598611111105,45.017665000000001,"68"
"593","610",-70.836072222222199,45.017689444444400,"68"
"594","611",-70.836106666666694,45.018772222222204,"68"
"595","612",-70.837633055555600,45.018747500000003,"68"
"596","613",-70.928604722222204,44.706614722222199,"110"
"597","580",-70.946372222222195,44.969583333333297,"79"
"598","581",-70.944966666666701,44.970630555555601,"79"
"599","582",-70.945002777777802,44.971649999999997,"79"
"600","583",-70.946405555555600,44.970605555555601,"79"
"601","584",-70.947844444444399,44.970580555555600,"79"
"602","585",-70.957175000000007,44.991497222222200,"78"
"603","586",-70.957988888888906,44.994199999999999,"78"
"604","587",-70.959836111111102,44.994169444444502,"78"
"605","588",-70.960761111111097,44.994152777777799,"78"
"606","589",-70.960738888888898,44.993497222222203,"78"
"607","590",-70.959305555555602,44.991458333333298,"78"
"608","591",-70.899369444444403,45.014175000000002,"76"
"609","592",-70.900497222222199,45.014155555555497,"76"
"610","593",-70.899155555555595,45.014477777777799,"76"
"611","594",-70.904688888888899,45.019008333333304,"76"
"612","595",-70.904727777777794,45.020172222222200,"76"
"613","596",-70.903147222222202,45.019822222222203,"76"
"614","614",-70.928576944444401,44.705783888888902,"110"
"615","615",-70.927411944444401,44.705803611111101,"110"
"616","616",-70.926246944444401,44.705823333333299,"110"
"617","617",-70.952906666666706,44.701710555555600,"108"
"618","618",-70.906867777777805,45.198239444444397,"10"
"619","619",-70.907946666666703,45.198221388888904,"10"
"620","620",-70.909025833333303,45.198203333333304,"10"
"621","621",-70.911115833333298,45.198808888888898,"10"
"622","622",-70.910185277777799,45.198824444444398,"10"
"623","623",-70.909254444444500,45.198839999999997,"10"
"624","624",-70.907972222222199,45.198984444444399,"10"
"625","625",-70.911181944444493,45.200782777777803,"10"
"626","626",-70.910229166666696,45.200140277777798,"10"
"627","627",-70.900131944444496,45.201952222222197,"11"
"628","628",-70.898747777777800,45.201975277777798,"11"
"629","629",-70.897331111111100,45.201019722222199,"11"
"630","630",-70.897298611111097,45.200041388888899,"11"
"631","631",-70.895882222222198,45.199085833333299,"11"
"632","632",-70.871712777777802,45.195994444444402,"12"
"633","633",-70.874506388888904,45.196925555555602,"12"
"634","634",-70.874538611111106,45.197901666666702,"12"
"635","635",-70.875983611111096,45.199831666666697,"12"
"636","636",-70.895655000000005,45.191954444444399,"17"
"637","637",-70.895730555555602,45.194226666666701,"17"
"638","638",-70.898943888888894,45.194173333333303,"17"
"639","639",-70.888480555555603,45.189621111111101,"18"
"640","640",-70.889421666666706,45.189605555555602,"18"
"641","641",-70.890340833333298,45.188924722222197,"18"
"642","642",-70.882152777777804,45.232527222222203,"3"
"643","643",-70.880951944444405,45.233416388888898,"3"
"644","644",-70.882181388888895,45.233396111111098,"3"
"645","645",-70.883411111111101,45.233375833333298,"3"
"646","646",-70.883439722222207,45.234244444444400,"3"
"647","647",-70.892525555555594,45.222678055555498,"6"
"648","648",-70.892498611111094,45.221862777777801,"6"
"649","649",-70.892471388888893,45.221047222222197,"6"
"650","650",-70.891344722222200,45.221881666666697,"6"
"651","651",-70.883736944444493,45.219764444444401,"7"
"652","652",-70.883697499999997,45.218574444444400,"7"
"653","653",-70.885341666666704,45.217356666666703,"7"
"654","654",-70.882013888888906,45.218602222222202,"7"
"655","655",-70.882053333333303,45.219792222222203,"7"
"656","656",-70.855424999999997,45.215094444444503,"9"
"657","657",-70.855450000000005,45.215811111111101,"9"
"658","658",-70.854461111111107,45.216541666666693,"9"
"659","659",-70.851097222222194,45.222488888888897,"4"
"660","660",-70.851119444444393,45.223211111111098,"4"
"661","661",-70.757352777777797,45.083152777777798,"53"
"662","662",-70.753508333333301,45.083211111111098,"53"
"663","663",-70.753591666666694,45.085933333333301,"53"
"664","664",-70.751350000000002,45.087013888888897,"51"
"665","665",-70.751369444444407,45.087674999999997,"51"
"666","666",-70.750458333333299,45.088349999999998,"51"
"667","667",-70.751388888888897,45.088336111111097,"51"
"668","668",-70.757519444444398,45.088597222222198,"53"
"669","669",-70.757436111111105,45.085875000000001,"53"
"670","670",-70.745138888888903,45.086030555555602,"50"
"671","671",-70.745116666666704,45.085283333333301,"50"
"672","672",-70.746172222222199,45.085269444444400,"50"
"673","673",-70.747227777777795,45.085252777777796,"50"
"674","674",-70.747205555555595,45.084505555555602,"50"
"675","675",-70.746150000000000,45.084522222222198,"50"
"676","676",-70.745094444444405,45.084536111111099,"50"
"677","677",-70.745072222222205,45.083788888888897,"50"
"678","678",-70.746127777777801,45.083775000000003,"50"
"679","679",-70.745050000000006,45.083041666666702,"50"
"680","680",-70.896741666666699,44.855788888888902,"93"
"681","681",-70.897702777777795,44.855072222222198,"93"
"682","682",-70.896719444444500,44.855088888888901,"93"
"683","683",-70.895736111111106,44.855105555555497,"93"
"684","684",-70.894750000000002,44.855119444444398,"93"
"685","685",-70.893766666666707,44.855136111111101,"93"
"686","686",-70.892783333333298,44.855152777777803,"93"
"687","687",-70.892761111111099,44.854452777777801,"93"
"688","688",-70.901230555555600,44.854700000000001,"92"
"689","689",-70.900216666666694,44.855455555555601,"92"
"690","690",-70.901255555555593,44.855438888888898,"92"
"691","691",-70.902291666666699,44.855422222222202,"92"
"692","692",-70.904394444444407,44.856124999999999,"92"
"693","693",-70.902316666666707,44.856161111111099,"92"
"694","694",-70.900238888888893,44.856194444444398,"92"
"695","695",-70.900263888888901,44.856933333333302,"92"
"696","696",-70.899249999999995,44.857688888888902,"92"
"697","697",-70.883119444444404,44.848075000000001,"94"
"698","698",-70.881772222222196,44.848097222222201,"94"
"699","699",-70.880425000000002,44.848119444444400,"94"
"700","700",-70.851591666666707,45.167605555555497,"25"
"701","701",-70.851569444444394,45.166886111111097,"25"
"702","702",-70.851544444444400,45.166163888888903,"25"
"703","703",-70.845580555555600,45.169649999999997,"26"
"704","704",-70.846538888888901,45.168211111111098,"26"
"705","705",-70.847522222222196,45.167486111111103,"26"
"706","706",-70.847544444444395,45.168194444444502,"26"
"707","707",-70.846599999999995,45.174358333333302,"22"
"708","708",-70.845436111111098,45.173575000000000,"22"
"709","709",-70.846572222222207,45.173555555555602,"22"
"710","710",-70.847708333333301,45.173536111111098,"22"
"711","711",-70.859916666666706,45.191241666666699,"13"
"712","712",-70.859886111111095,45.190347222222201,"13"
"713","713",-70.861152777777804,45.190325000000001,"13"
"714","714",-70.816199999999995,45.043263888888902,"63"
"715","715",-70.815191666666706,45.043280555555498,"63"
"716","716",-70.815169444444393,45.042563888888893,"63"
"717","717",-70.815147222222194,45.041849999999997,"63"
"718","718",-70.817141666666700,45.041100000000000,"63"
"719","719",-70.822502777777800,45.020911111111097,"67"
"720","720",-70.820672222222200,45.019672222222198,"67"
"721","721",-70.820713888888903,45.020938888888899,"67"
"722","722",-70.820752777777798,45.022208333333303,"67"
"723","723",-70.818963888888902,45.022236111111098,"67"
"724","724",-70.826666666666696,45.029155555555498,"69"
"725","725",-70.828369444444405,45.028516666666697,"69"
"726","726",-70.829230555555597,45.028502777777803,"69"
"727","727",-70.861847222222195,45.093019444444401,"38"
"728","728",-70.861819444444393,45.092183333333303,"38"
"729","729",-70.860666666666702,45.093038888888898,"38"
"730","730",-70.861874999999998,45.093858333333301,"38"
"731","731",-70.868319444444396,45.067997222222203,"47"
"732","732",-70.867344444444399,45.068011111111097,"47"
"733","733",-70.867366666666697,45.068705555555603,"47"
"734","734",-70.866388888888906,45.068719444444397,"47"
"735","735",-70.864413888888905,45.068061111111099,"47"
"736","736",-70.865366666666702,45.067352777777799,"47"
"737","737",-70.860591666666707,45.079374999999999,"42"
"738","738",-70.860611111111098,45.080002777777800,"42"
"739","739",-70.863230555555504,45.078702777777799,"42"
"740","740",-70.864138888888903,45.079316666666699,"42"
"741","741",-70.868613888888902,45.080500000000001,"42"
"742","742",-70.867686111111098,45.079258333333293,"42"
"743","743",-70.866799999999998,45.079272222222201,"42"
"744","744",-70.865891666666698,45.078658333333301,"42"
"745","745",-70.985827777777800,44.997263888888902,"77"
"746","746",-70.986813888888904,44.997247222222200,"77"
"747","747",-70.987777777777794,44.996530555555601,"77"
"748","748",-70.988763888888897,44.996511111111097,"77"
"749","749",-70.987752777777800,44.995827777777798,"77"
"750","750",-70.983774999999994,44.992855555555600,"77"
"751","751",-70.985249999999994,44.993852777777803,"77"
"752","752",-70.985213888888893,44.992830555555599,"77"
"753","753",-70.985180555555601,44.991808333333303,"77"
"754","754",-70.985144444444401,44.990786111111099,"77"
"755","755",-70.985108333333301,44.989763888888902,"77"
"756","756",-70.983188888888904,44.992136111111101,"77"
"757","757",-70.982200000000006,44.992872222222204,"77"
"758","758",-70.981186111111100,44.992888888888899,"77"
"759","759",-70.981211111111094,44.993608333333299,"77"
"760","760",-70.980222222222196,44.994347222222203,"77"
"761","761",-70.979180555555601,44.993644444444399,"77"
"762","762",-70.979205555555595,44.994363888888898,"77"
"763","763",-70.979230555555603,44.995083333333298,"77"
"764","764",-70.980838888888897,44.989377777777797,"77"
"765","765",-70.980861111111096,44.990030555555599,"77"
"766","766",-70.979922222222200,44.989394444444400,"77"
"767","767",-70.980772222222200,44.987425000000002,"77"
"768","768",-70.981691666666705,44.987408333333299,"77"
"769","769",-70.898977777777802,45.009072222222201,"75"
"770","770",-70.902591666666694,45.009324999999997,"75"
"771","771",-70.902616666666702,45.010122222222201,"75"
"772","772",-70.901491666666701,45.010141666666698,"75"
"773","773",-70.901516666666694,45.010941666666703,"75"
"774","774",-70.900391666666707,45.010958333333299,"75"
"775","775",-70.899263888888896,45.010977777777804,"75"
"776","776",-70.899291666666699,45.011777777777802,"75"
"777","777",-70.895255555555593,45.011838888888903,"75"
"778","778",-70.891444444444403,45.011902777777799,"75"
"779","779",-70.895166666666697,45.009136111111097,"75"
"780","780",-70.898966666666695,45.026369444444398,"74"
"781","781",-70.900041666666695,45.027097222222203,"74"
"782","782",-70.898991666666703,45.027113888888898,"74"
"783","783",-70.899016666666697,45.027858333333299,"74"
"784","784",-70.878686111111094,45.032727777777801,"73"
"785","785",-70.879700000000000,45.032711111111098,"73"
"786","786",-70.879675000000006,45.031991666666698,"73"
"787","787",-70.880688888888898,45.031975000000003,"73"
"788","788",-70.880641666666705,45.030536111111097,"73"
"789","789",-70.879652777777807,45.031272222222199,"73"
"790","790",-71.019199999999998,44.954280555555599,"82"
"791","791",-71.020272222222204,44.954261111111101,"82"
"792","792",-71.021347222222204,44.954241666666697,"82"
"793","793",-71.022419444444395,44.954225000000001,"82"
"794","794",-71.019813888888905,44.952466666666702,"82"
"795","795",-71.019716666666696,44.949661111111098,"82"
"796","796",-71.018433333333306,44.950619444444399,"82"
"797","797",-71.018497222222194,44.952491666666702,"82"
"798","798",-71.017180555555598,44.952513888888902,"82"
"799","799",-70.966572222222197,44.925280555555602,"83"
"800","800",-70.966597222222205,44.926019444444400,"83"
"801","801",-70.966622222222199,44.926761111111098,"83"
"802","802",-70.958780555555606,44.916313888888901,"84"
"803","803",-70.957724999999996,44.916333333333299,"84"
"804","804",-70.955611111111097,44.916369444444399,"84"
"805","805",-70.953500000000005,44.916405555555599,"84"
"806","806",-70.950177777777796,44.916252777777800,"84"
"807","807",-70.951183333333304,44.915502777777803,"84"
"808","808",-70.950127777777794,44.914788888888893,"84"
"809","809",-70.949124999999995,44.915538888888896,"84"
"810","810",-70.853719444444394,45.193180555555507,"14"
"811","811",-70.853747222222196,45.193955555555497,"14"
"812","812",-70.852647222222203,45.193975000000002,"14"
"813","813",-70.852622222222195,45.193197222222203,"14"
"814","814",-70.851500000000001,45.192438888888901,"14"
"815","815",-70.855397222222194,45.209047222222203,"10"
"816","816",-70.855377777777804,45.208380555555600,"10"
"817","817",-70.848505555555505,45.197808333333299,"15"
"818","818",-70.847505555555600,45.197822222222200,"15"
"819","819",-70.846505555555595,45.197838888888903,"15"
"820","820",-70.845508333333299,45.197855555555499,"15"
"821","821",-70.885844444444402,44.758044444444401,"117"
"822","822",-70.885863888888906,44.758666666666699,"117"
"823","823",-70.884991666666707,44.758680555555600,"117"
"824","824",-70.885883333333297,44.759288888888896,"117"
"825","825",-70.858683333333303,44.745474999999999,"115"
"826","826",-70.859733333333295,44.745458333333303,"115"
"827","827",-70.802408333333304,45.040777777777798,"64"
"828","828",-70.802341666666706,45.038655555555600,"64"
"829","829",-70.800841666666699,45.038677777777799,"64"
"830","830",-70.826944444444393,45.164230555555598,"27"
"831","831",-70.825291666666701,45.164255555555599,"27"
"832","832",-70.823641666666703,45.164283333333302,"27"
"833","833",-70.821988888888896,45.164308333333302,"27"
"834","834",-70.821950000000001,45.163138888888902,"27"
"835","835",-70.823602777777793,45.163113888888901,"27"
"836","836",-70.825255555555600,45.163086111111099,"27"
"837","837",-70.821913888888901,45.161972222222197,"27"
"838","838",-70.823566666666693,45.161944444444401,"27"
"839","839",-70.823277777777804,45.070041666666697,"48"
"840","840",-70.822419444444407,45.070677777777803,"48"
"841","841",-70.820661111111093,45.070705555555598,"48"
"842","842",-70.786952777777799,45.043702777777803,"62"
"843","843",-70.786977777777807,45.044530555555603,"62"
"844","844",-70.787002777777801,45.045358333333297,"62"
"845","845",-70.788172222222201,45.045338888888899,"62"
"846","846",-70.788197222222195,45.046166666666693,"62"
"847","847",-70.787027777777794,45.046186111111098,"62"
"848","848",-70.788222222222203,45.046994444444401,"62"
"849","849",-70.789388888888894,45.046977777777798,"62"
"850","850",-70.751688888888907,45.029511111111098,"61"
"851","851",-70.752636111111102,45.029494444444502,"61"
"852","852",-70.753586111111105,45.029480555555601,"61"
"853","853",-70.754533333333299,45.029466666666693,"61"
"854","854",-70.755480555555593,45.029452777777799,"61"
"855","855",-70.843913888888906,45.221483333333303,"5"
"856","856",-70.846194444444393,45.220633333333303,"5"
"857","857",-70.847350000000006,45.220613888888899,"5"
"858","858",-70.873872222222204,45.218916666666701,"8"
"859","859",-70.873891666666694,45.219491666666698,"8"
"860","860",-70.872288888888903,45.220091666666697,"8"
"861","861",-70.872305555555499,45.220663888888907,"8"
"862","862",-70.872249999999994,45.218944444444503,"8"
"863","863",-70.875775000000004,45.123058333333297,"31"
"864","864",-70.875802777777807,45.123902777777801,"31"
"865","865",-70.873316666666696,45.119847222222198,"32"
"866","866",-70.871286111111104,45.119880555555497,"32"
"867","867",-70.869208333333304,45.118474999999997,"32"
"868","868",-70.871191666666704,45.117002777777799,"32"
"869","869",-70.733980555555604,45.054530555555601,"57"
"870","870",-70.733955555555596,45.053694444444403,"57"
"871","871",-70.735136111111103,45.053677777777800,"57"
"872","872",-70.717713888888895,45.069108333333297,"136"
"873","873",-70.714699999999993,45.069152777777802,"136"
"874","874",-70.711686111111106,45.069200000000002,"136"
"875","875",-70.867047222222197,45.125347222222203,"30"
"876","876",-70.865877777777797,45.126213888888898,"30"
"877","877",-70.865852777777803,45.125369444444402,"30"
"878","878",-70.864655555555501,45.125388888888899,"30"
"879","879",-70.864627777777798,45.124541666666701,"30"
"880","880",-70.865825000000001,45.124522222222197,"30"
"881","881",-70.801500000000004,44.797933333333297,"131"
"882","882",-70.804263888888897,44.799183333333303,"131"
"883","883",-70.805172222222197,44.799169444444402,"131"
"884","884",-70.798122222222204,44.781936111111101,"128"
"885","885",-70.799211111111106,44.782677777777799,"128"
"886","886",-70.798144444444404,44.782694444444502,"128"
"887","887",-70.817694444444399,44.788405555555599,"130"
"888","888",-70.817741666666706,44.789897222222201,"130"
"889","889",-70.819880555555599,44.791352777777803,"130"
"890","890",-70.816519444444396,44.803361111111101,"132"
"891","891",-70.817555555555600,44.802588888888899,"132"
"892","892",-70.817580555555594,44.803344444444399,"132"
"893","893",-70.818638888888898,44.803327777777803,"132"
"894","894",-70.937105555555604,44.729849999999999,"107"
"895","895",-70.938227777777797,44.730611111111102,"107"
"896","896",-70.939324999999997,44.730594444444399,"107"
"897","897",-70.938280555555593,44.732174999999998,"107"
"898","898",-70.945552777777806,44.736563888888902,"106"
"899","899",-70.944513888888906,44.736583333333307,"106"
"900","900",-70.943475000000007,44.736600000000003,"106"
"901","901",-70.942433333333298,44.736619444444401,"106"
"902","902",-70.941394444444498,44.736636111111103,"106"
"903","920",-70.945575000000005,44.907775000000001,"86"
"904","921",-70.946624999999997,44.907755555555603,"86"
"905","922",-70.961113888888903,44.907352777777803,"85"
"906","923",-70.961141666666705,44.908136111111098,"85"
"907","924",-70.962241666666699,44.908116666666707,"85"
"908","925",-70.962266666666693,44.908900000000003,"85"
"909","926",-70.962294444444495,44.909680555555603,"85"
"910","927",-70.963369444444496,44.908880555555598,"85"
"911","928",-70.964469444444404,44.908861111111101,"85"
"912","929",-70.964444444444496,44.908080555555600,"85"
"913","930",-70.965516666666701,44.907277777777800,"85"
"914","931",-70.966619444444405,44.907258333333303,"85"
"915","903",-70.831594444444406,45.250111111111103,"1"
"916","904",-70.830552777777797,45.250127777777799,"1"
"917","905",-70.829488888888903,45.249408333333299,"1"
"918","906",-70.937399999999997,45.203430555555599,"137"
"919","907",-70.937430555555594,45.204377777777800,"137"
"920","908",-70.937497222222206,45.206277777777800,"137"
"921","909",-70.942499999999995,45.191749999999999,"138"
"922","910",-70.942455555555597,45.190433333333303,"138"
"923","911",-70.942363888888906,45.187800000000003,"138"
"924","912",-70.944136111111106,45.185133333333297,"138"
"925","913",-70.944227777777797,45.187769444444399,"138"
"926","914",-70.944272222222196,45.189086111111102,"138"
"927","915",-70.946133333333293,45.189052777777803,"138"
"928","916",-70.944316666666694,45.190402777777798,"138"
"929","917",-70.944361111111107,45.191719444444402,"138"
"930","918",-70.945525000000004,44.906280555555497,"86"
"931","919",-70.945549999999997,44.907027777777799,"86"
